<?xml version="1.0" encoding="UTF-8"?>
<addon id="plugin.video.PECASCUCO"
version="25/12/23"
name="PECASCUCO"
provider-name="PECASCUCO">
<requires>
  <import addon="xbmc.python" version="3.0.1"/>
</requires>
<extension point="xbmc.python.pluginsource" library="main.py">
  <provides>video</provides>
</extension>
<extension point="xbmc.addon.metadata">
  <summary lang="en_GB"></summary>
  <description lang="en_GB">.</description>
  <disclaimer lang="en_GB"></disclaimer>

  <assets>
    <icon>resources/images/icon.png</icon>
    <fanart>resources/images/fanart.jpg</fanart>
    <screenshot>resources/images/screenshot-1.jpg</screenshot>
    <screenshot>resources/images/screenshot-2.jpg</screenshot>
  </assets>
</extension>
</addon>
